chewy1.jpg	chewbacca
chewy10.jpg	chewbacca
chewy100.jpg	chewbacca
chewy101.jpg	chewbacca
chewy102.jpg	chewbacca
chewy103.jpg	chewbacca
chewy104.jpg	chewbacca
chewy105.jpg	chewbacca
chewy106.jpg	chewbacca
chewy107.jpg	chewbacca
chewy108.jpg	chewbacca
chewy109.jpg	chewbacca
chewy11.jpg	chewbacca
chewy110.jpg	chewbacca
chewy111.jpg	chewbacca
chewy112.jpg	chewbacca
chewy113.jpg	chewbacca
chewy114.jpg	chewbacca
chewy115.jpg	chewbacca
chewy116.jpg	chewbacca
chewy117.jpg	chewbacca
chewy118.jpg	chewbacca
chewy119.jpg	chewbacca
chewy12.jpg	chewbacca
chewy120.jpg	chewbacca
chewy121.jpg	chewbacca
chewy122.jpg	chewbacca
chewy123.jpg	chewbacca
chewy124.jpg	chewbacca
chewy125.jpg	chewbacca
chewy126.jpg	chewbacca
chewy127.jpg	chewbacca
chewy128.jpg	chewbacca
chewy129.jpg	chewbacca
chewy13.jpg	chewbacca
chewy130.jpg	chewbacca
chewy131.jpg	chewbacca
chewy132.jpg	chewbacca
chewy133.jpg	chewbacca
chewy134.jpg	chewbacca
chewy135.jpg	chewbacca
chewy136.jpg	chewbacca
chewy137.jpg	chewbacca
chewy138.jpg	chewbacca
chewy139.jpg	chewbacca
chewy14.jpg	chewbacca
chewy140.jpg	chewbacca
chewy141.jpg	chewbacca
chewy142.jpg	chewbacca
chewy143.jpg	chewbacca
chewy144.jpg	chewbacca
chewy145.jpg	chewbacca
chewy146.jpg	chewbacca
chewy147.jpg	chewbacca
chewy148.jpg	chewbacca
chewy149.jpg	chewbacca
chewy15.jpg	chewbacca
chewy150.jpg	chewbacca
chewy151.jpg	chewbacca
chewy152.jpg	chewbacca
chewy153.jpg	chewbacca
chewy154.jpg	chewbacca
chewy155.jpg	chewbacca
chewy156.jpg	chewbacca
chewy157.jpg	chewbacca
chewy158.jpg	chewbacca
chewy159.jpg	chewbacca
chewy16.jpg	chewbacca
chewy160.jpg	chewbacca
chewy161.jpg	chewbacca
chewy162.jpg	chewbacca
chewy163.jpg	chewbacca
chewy164.jpg	chewbacca
chewy165.jpg	chewbacca
chewy166.jpg	chewbacca
chewy167.jpg	chewbacca
chewy168.jpg	chewbacca
chewy169.jpg	chewbacca
chewy17.jpg	chewbacca
chewy170.jpg	chewbacca
chewy171.jpg	chewbacca
chewy172.jpg	chewbacca
chewy173.jpg	chewbacca
chewy174.jpg	chewbacca
chewy175.jpg	chewbacca
chewy176.jpg	chewbacca
chewy177.jpg	chewbacca
chewy178.jpg	chewbacca
chewy179.jpg	chewbacca
chewy18.jpg	chewbacca
chewy180.jpg	chewbacca
chewy181.jpg	chewbacca
chewy182.jpg	chewbacca
chewy183.jpg	chewbacca
chewy184.jpg	chewbacca
chewy185.jpg	chewbacca
chewy186.jpg	chewbacca
chewy187.jpg	chewbacca
chewy188.jpg	chewbacca
chewy189.jpg	chewbacca
chewy19.jpg	chewbacca
chewy190.jpg	chewbacca
chewy191.jpg	chewbacca
chewy192.jpg	chewbacca
chewy193.jpg	chewbacca
chewy194.jpg	chewbacca
chewy195.jpg	chewbacca
chewy196.jpg	chewbacca
chewy197.jpg	chewbacca
chewy198.jpg	chewbacca
chewy199.jpg	chewbacca
chewy2.jpg	chewbacca
chewy20.jpg	chewbacca
chewy200.jpg	chewbacca
chewy201.jpg	chewbacca
chewy202.jpg	chewbacca
chewy203.jpg	chewbacca
chewy204.jpg	chewbacca
chewy205.jpg	chewbacca
chewy206.jpg	chewbacca
chewy207.jpg	chewbacca
chewy208.jpg	chewbacca
chewy209.jpg	chewbacca
chewy21.jpg	chewbacca
chewy210.jpg	chewbacca
chewy211.jpg	chewbacca
chewy212.jpg	chewbacca
chewy213.jpg	chewbacca
chewy214.jpg	chewbacca
chewy215.jpg	chewbacca
chewy216.jpg	chewbacca
chewy217.jpg	chewbacca
chewy218.jpg	chewbacca
chewy219.jpg	chewbacca
chewy22.jpg	chewbacca
chewy220.jpg	chewbacca
chewy221.jpg	chewbacca
chewy222.jpg	chewbacca
chewy223.jpg	chewbacca
chewy224.jpg	chewbacca
chewy225.jpg	chewbacca
chewy226.jpg	chewbacca
chewy227.jpg	chewbacca
chewy228.jpg	chewbacca
chewy229.jpg	chewbacca
chewy23.jpg	chewbacca
chewy230.jpg	chewbacca
chewy231.jpg	chewbacca
chewy232.jpg	chewbacca
chewy233.jpg	chewbacca
chewy234.jpg	chewbacca
chewy235.jpg	chewbacca
chewy236.jpg	chewbacca
chewy237.jpg	chewbacca
chewy238.jpg	chewbacca
chewy239.jpg	chewbacca
chewy24.jpg	chewbacca
chewy240.jpg	chewbacca
chewy241.jpg	chewbacca
chewy242.jpg	chewbacca
chewy243.jpg	chewbacca
chewy244.jpg	chewbacca
chewy245.jpg	chewbacca
chewy246.jpg	chewbacca
chewy247.jpg	chewbacca
chewy248.jpg	chewbacca
chewy249.jpg	chewbacca
chewy25.jpg	chewbacca
chewy250.jpg	chewbacca
chewy251.jpg	chewbacca
chewy252.jpg	chewbacca
chewy253.jpg	chewbacca
chewy254.jpg	chewbacca
chewy255.jpg	chewbacca
chewy256.jpg	chewbacca
chewy257.jpg	chewbacca
chewy258.jpg	chewbacca
chewy259.jpg	chewbacca
chewy26.jpg	chewbacca
chewy260.jpg	chewbacca
chewy261.jpg	chewbacca
chewy262.jpg	chewbacca
chewy263.jpg	chewbacca
chewy264.jpg	chewbacca
chewy265.jpg	chewbacca
chewy266.jpg	chewbacca
chewy267.jpg	chewbacca
chewy268.jpg	chewbacca
chewy269.jpg	chewbacca
chewy27.jpg	chewbacca
chewy270.jpg	chewbacca
chewy271.jpg	chewbacca
chewy272.jpg	chewbacca
chewy273.jpg	chewbacca
chewy274.jpg	chewbacca
chewy275.jpg	chewbacca
chewy276.jpg	chewbacca
chewy277.jpg	chewbacca
chewy278.jpg	chewbacca
chewy279.jpg	chewbacca
chewy28.jpg	chewbacca
chewy280.jpg	chewbacca
chewy281.jpg	chewbacca
chewy282.jpg	chewbacca
chewy283.jpg	chewbacca
chewy284.jpg	chewbacca
chewy285.jpg	chewbacca
chewy286.jpg	chewbacca
chewy287.jpg	chewbacca
chewy288.jpg	chewbacca
chewy289.jpg	chewbacca
chewy29.jpg	chewbacca
chewy290.jpg	chewbacca
chewy291.jpg	chewbacca
chewy292.jpg	chewbacca
chewy293.jpg	chewbacca
chewy294.jpg	chewbacca
chewy295.jpg	chewbacca
chewy296.jpg	chewbacca
chewy297.jpg	chewbacca
chewy298.jpg	chewbacca
chewy299.jpg	chewbacca
chewy3.jpg	chewbacca
chewy30.jpg	chewbacca
chewy300.jpg	chewbacca
chewy301.jpg	chewbacca
chewy302.jpg	chewbacca
chewy303.jpg	chewbacca
chewy304.jpg	chewbacca
chewy305.jpg	chewbacca
chewy306.jpg	chewbacca
chewy307.jpg	chewbacca
chewy308.jpg	chewbacca
chewy309.jpg	chewbacca
chewy31.jpg	chewbacca
chewy310.jpg	chewbacca
chewy311.jpg	chewbacca
chewy312.jpg	chewbacca
chewy313.jpg	chewbacca
chewy314.jpg	chewbacca
chewy315.jpg	chewbacca
chewy316.jpg	chewbacca
chewy317.jpg	chewbacca
chewy318.jpg	chewbacca
chewy319.jpg	chewbacca
chewy32.jpg	chewbacca
chewy320.jpg	chewbacca
chewy321.jpg	chewbacca
chewy322.jpg	chewbacca
chewy323.jpg	chewbacca
chewy324.jpg	chewbacca
chewy325.jpg	chewbacca
chewy326.jpg	chewbacca
chewy327.jpg	chewbacca
chewy328.jpg	chewbacca
chewy329.jpg	chewbacca
chewy33.jpg	chewbacca
chewy330.jpg	chewbacca
chewy331.jpg	chewbacca
chewy332.jpg	chewbacca
chewy333.jpg	chewbacca
chewy334.jpg	chewbacca
chewy335.jpg	chewbacca
chewy336.jpg	chewbacca
chewy337.jpg	chewbacca
chewy338.jpg	chewbacca
chewy339.jpg	chewbacca
chewy34.jpg	chewbacca
chewy340.jpg	chewbacca
chewy341.jpg	chewbacca
chewy342.jpg	chewbacca
chewy343.jpg	chewbacca
chewy344.jpg	chewbacca
chewy345.jpg	chewbacca
chewy346.jpg	chewbacca
chewy347.jpg	chewbacca
chewy348.jpg	chewbacca
chewy349.jpg	chewbacca
chewy35.jpg	chewbacca
chewy350.jpg	chewbacca
chewy351.jpg	chewbacca
chewy352.jpg	chewbacca
chewy353.jpg	chewbacca
chewy354.jpg	chewbacca
chewy355.jpg	chewbacca
chewy356.jpg	chewbacca
chewy357.jpg	chewbacca
chewy358.jpg	chewbacca
chewy359.jpg	chewbacca
chewy36.jpg	chewbacca
chewy360.jpg	chewbacca
chewy361.jpg	chewbacca
chewy362.jpg	chewbacca
chewy363.jpg	chewbacca
chewy364.jpg	chewbacca
chewy365.jpg	chewbacca
chewy366.jpg	chewbacca
chewy367.jpg	chewbacca
chewy368.jpg	chewbacca
chewy369.jpg	chewbacca
chewy37.jpg	chewbacca
chewy370.jpg	chewbacca
chewy371.jpg	chewbacca
chewy372.jpg	chewbacca
chewy373.jpg	chewbacca
chewy374.jpg	chewbacca
chewy375.jpg	chewbacca
chewy376.jpg	chewbacca
chewy377.jpg	chewbacca
chewy378.jpg	chewbacca
chewy379.jpg	chewbacca
chewy38.jpg	chewbacca
chewy380.jpg	chewbacca
chewy381.jpg	chewbacca
chewy382.jpg	chewbacca
chewy383.jpg	chewbacca
chewy384.jpg	chewbacca
chewy385.jpg	chewbacca
chewy386.jpg	chewbacca
chewy387.jpg	chewbacca
chewy388.jpg	chewbacca
chewy389.jpg	chewbacca
chewy39.jpg	chewbacca
chewy390.jpg	chewbacca
chewy391.jpg	chewbacca
chewy392.jpg	chewbacca
chewy393.jpg	chewbacca
chewy394.jpg	chewbacca
chewy395.jpg	chewbacca
chewy396.jpg	chewbacca
chewy397.jpg	chewbacca
chewy398.jpg	chewbacca
chewy399.jpg	chewbacca
chewy4.jpg	chewbacca
chewy40.jpg	chewbacca
chewy400.jpg	chewbacca
chewy401.jpg	chewbacca
chewy402.jpg	chewbacca
chewy403.jpg	chewbacca
chewy404.jpg	chewbacca
chewy405.jpg	chewbacca
chewy406.jpg	chewbacca
chewy407.jpg	chewbacca
chewy408.jpg	chewbacca
chewy41.jpg	chewbacca
chewy42.jpg	chewbacca
chewy43.jpg	chewbacca
chewy44.jpg	chewbacca
chewy45.jpg	chewbacca
chewy46.jpg	chewbacca
chewy47.jpg	chewbacca
chewy48.jpg	chewbacca
chewy49.jpg	chewbacca
chewy5.jpg	chewbacca
chewy50.jpg	chewbacca
chewy51.jpg	chewbacca
chewy52.jpg	chewbacca
chewy53.jpg	chewbacca
chewy54.jpg	chewbacca
chewy55.jpg	chewbacca
chewy56.jpg	chewbacca
chewy57.jpg	chewbacca
chewy58.jpg	chewbacca
chewy59.jpg	chewbacca
chewy6.jpg	chewbacca
chewy60.jpg	chewbacca
chewy61.jpg	chewbacca
chewy62.jpg	chewbacca
chewy63.jpg	chewbacca
chewy64.jpg	chewbacca
chewy65.jpg	chewbacca
chewy66.jpg	chewbacca
chewy67.jpg	chewbacca
chewy68.jpg	chewbacca
chewy69.jpg	chewbacca
chewy7.jpg	chewbacca
chewy70.jpg	chewbacca
chewy71.jpg	chewbacca
chewy72.jpg	chewbacca
chewy73.jpg	chewbacca
chewy74.jpg	chewbacca
chewy75.jpg	chewbacca
chewy76.jpg	chewbacca
chewy77.jpg	chewbacca
chewy78.jpg	chewbacca
chewy79.jpg	chewbacca
chewy8.jpg	chewbacca
chewy80.jpg	chewbacca
chewy81.jpg	chewbacca
chewy82.jpg	chewbacca
chewy83.jpg	chewbacca
chewy84.jpg	chewbacca
chewy85.jpg	chewbacca
chewy86.jpg	chewbacca
chewy87.jpg	chewbacca
chewy88.jpg	chewbacca
chewy89.jpg	chewbacca
chewy9.jpg	chewbacca
chewy90.jpg	chewbacca
chewy91.jpg	chewbacca
chewy92.jpg	chewbacca
chewy93.jpg	chewbacca
chewy94.jpg	chewbacca
chewy95.jpg	chewbacca
chewy96.jpg	chewbacca
chewy97.jpg	chewbacca
chewy98.jpg	chewbacca
chewy99.jpg	chewbacca
ewok1.jpg	ewok
ewok10.jpg	ewok
ewok100.jpg	ewok
ewok101.jpg	ewok
ewok102.jpg	ewok
ewok103.jpg	ewok
ewok104.jpg	ewok
ewok105.jpg	ewok
ewok106.jpg	ewok
ewok107.jpg	ewok
ewok108.jpg	ewok
ewok109.jpg	ewok
ewok11.jpg	ewok
ewok110.jpg	ewok
ewok111.jpg	ewok
ewok112.jpg	ewok
ewok113.jpg	ewok
ewok114.jpg	ewok
ewok115.jpg	ewok
ewok116.jpg	ewok
ewok117.jpg	ewok
ewok118.jpg	ewok
ewok119.jpg	ewok
ewok12.jpg	ewok
ewok120.jpg	ewok
ewok121.jpg	ewok
ewok122.jpg	ewok
ewok123.jpg	ewok
ewok124.jpg	ewok
ewok125.jpg	ewok
ewok126.jpg	ewok
ewok127.jpg	ewok
ewok128.jpg	ewok
ewok129.jpg	ewok
ewok13.jpg	ewok
ewok130.jpg	ewok
ewok131.jpg	ewok
ewok132.jpg	ewok
ewok133.jpg	ewok
ewok134.jpg	ewok
ewok135.jpg	ewok
ewok136.jpg	ewok
ewok137.jpg	ewok
ewok138.jpg	ewok
ewok139.jpg	ewok
ewok14.jpg	ewok
ewok140.jpg	ewok
ewok141.jpg	ewok
ewok142.jpg	ewok
ewok143.jpg	ewok
ewok144.jpg	ewok
ewok145.jpg	ewok
ewok146.jpg	ewok
ewok147.jpg	ewok
ewok148.jpg	ewok
ewok149.jpg	ewok
ewok15.jpg	ewok
ewok150.jpg	ewok
ewok151.jpg	ewok
ewok152.jpg	ewok
ewok153.jpg	ewok
ewok154.jpg	ewok
ewok155.jpg	ewok
ewok156.jpg	ewok
ewok157.jpg	ewok
ewok158.jpg	ewok
ewok159.jpg	ewok
ewok16.jpg	ewok
ewok160.jpg	ewok
ewok161.jpg	ewok
ewok162.jpg	ewok
ewok163.jpg	ewok
ewok164.jpg	ewok
ewok165.jpg	ewok
ewok166.jpg	ewok
ewok167.jpg	ewok
ewok168.jpg	ewok
ewok169.jpg	ewok
ewok17.jpg	ewok
ewok170.jpg	ewok
ewok171.jpg	ewok
ewok172.jpg	ewok
ewok173.jpg	ewok
ewok174.jpg	ewok
ewok175.jpg	ewok
ewok176.jpg	ewok
ewok177.jpg	ewok
ewok178.jpg	ewok
ewok179.jpg	ewok
ewok18.jpg	ewok
ewok180.jpg	ewok
ewok181.jpg	ewok
ewok182.jpg	ewok
ewok183.jpg	ewok
ewok184.jpg	ewok
ewok185.jpg	ewok
ewok186.jpg	ewok
ewok187.jpg	ewok
ewok188.jpg	ewok
ewok189.jpg	ewok
ewok19.jpg	ewok
ewok190.jpg	ewok
ewok191.jpg	ewok
ewok192.jpg	ewok
ewok193.jpg	ewok
ewok194.jpg	ewok
ewok195.jpg	ewok
ewok196.jpg	ewok
ewok197.jpg	ewok
ewok198.jpg	ewok
ewok199.jpg	ewok
ewok2.jpg	ewok
ewok20.jpg	ewok
ewok200.jpg	ewok
ewok201.jpg	ewok
ewok202.jpg	ewok
ewok203.jpg	ewok
ewok204.jpg	ewok
ewok205.jpg	ewok
ewok206.jpg	ewok
ewok207.jpg	ewok
ewok208.jpg	ewok
ewok209.jpg	ewok
ewok21.jpg	ewok
ewok210.jpg	ewok
ewok211.jpg	ewok
ewok212.jpg	ewok
ewok213.jpg	ewok
ewok214.jpg	ewok
ewok215.jpg	ewok
ewok216.jpg	ewok
ewok217.jpg	ewok
ewok218.jpg	ewok
ewok219.jpg	ewok
ewok22.jpg	ewok
ewok220.jpg	ewok
ewok221.jpg	ewok
ewok222.jpg	ewok
ewok223.jpg	ewok
ewok224.jpg	ewok
ewok225.jpg	ewok
ewok226.jpg	ewok
ewok227.jpg	ewok
ewok228.jpg	ewok
ewok229.jpg	ewok
ewok23.jpg	ewok
ewok230.jpg	ewok
ewok231.jpg	ewok
ewok232.jpg	ewok
ewok233.jpg	ewok
ewok234.jpg	ewok
ewok235.jpg	ewok
ewok236.jpg	ewok
ewok237.jpg	ewok
ewok238.jpg	ewok
ewok239.jpg	ewok
ewok24.jpg	ewok
ewok240.jpg	ewok
ewok241.jpg	ewok
ewok242.jpg	ewok
ewok243.jpg	ewok
ewok244.jpg	ewok
ewok245.jpg	ewok
ewok246.jpg	ewok
ewok247.jpg	ewok
ewok248.jpg	ewok
ewok249.jpg	ewok
ewok25.jpg	ewok
ewok250.jpg	ewok
ewok251.jpg	ewok
ewok252.jpg	ewok
ewok253.jpg	ewok
ewok254.jpg	ewok
ewok255.jpg	ewok
ewok256.jpg	ewok
ewok257.jpg	ewok
ewok258.jpg	ewok
ewok259.jpg	ewok
ewok26.jpg	ewok
ewok260.jpg	ewok
ewok261.jpg	ewok
ewok262.jpg	ewok
ewok263.jpg	ewok
ewok264.jpg	ewok
ewok265.jpg	ewok
ewok266.jpg	ewok
ewok267.jpg	ewok
ewok268.jpg	ewok
ewok269.jpg	ewok
ewok27.jpg	ewok
ewok270.jpg	ewok
ewok271.jpg	ewok
ewok272.jpg	ewok
ewok273.jpg	ewok
ewok274.jpg	ewok
ewok275.jpg	ewok
ewok276.jpg	ewok
ewok277.jpg	ewok
ewok278.jpg	ewok
ewok279.jpg	ewok
ewok28.jpg	ewok
ewok280.jpg	ewok
ewok281.jpg	ewok
ewok282.jpg	ewok
ewok283.jpg	ewok
ewok284.jpg	ewok
ewok285.jpg	ewok
ewok286.jpg	ewok
ewok287.jpg	ewok
ewok288.jpg	ewok
ewok289.jpg	ewok
ewok29.jpg	ewok
ewok290.jpg	ewok
ewok291.jpg	ewok
ewok292.jpg	ewok
ewok293.jpg	ewok
ewok294.jpg	ewok
ewok295.jpg	ewok
ewok296.jpg	ewok
ewok297.jpg	ewok
ewok298.jpg	ewok
ewok299.jpg	ewok
ewok3.jpg	ewok
ewok30.jpg	ewok
ewok300.jpg	ewok
ewok301.jpg	ewok
ewok302.jpg	ewok
ewok303.jpg	ewok
ewok304.jpg	ewok
ewok305.jpg	ewok
ewok306.jpg	ewok
ewok307.jpg	ewok
ewok308.jpg	ewok
ewok309.jpg	ewok
ewok31.jpg	ewok
ewok310.jpg	ewok
ewok311.jpg	ewok
ewok312.jpg	ewok
ewok313.jpg	ewok
ewok314.jpg	ewok
ewok315.jpg	ewok
ewok316.jpg	ewok
ewok317.jpg	ewok
ewok318.jpg	ewok
ewok319.jpg	ewok
ewok32.jpg	ewok
ewok320.jpg	ewok
ewok321.jpg	ewok
ewok322.jpg	ewok
ewok323.jpg	ewok
ewok324.jpg	ewok
ewok325.jpg	ewok
ewok326.jpg	ewok
ewok327.jpg	ewok
ewok328.jpg	ewok
ewok329.jpg	ewok
ewok33.jpg	ewok
ewok330.jpg	ewok
ewok331.jpg	ewok
ewok332.jpg	ewok
ewok333.jpg	ewok
ewok334.jpg	ewok
ewok335.jpg	ewok
ewok336.jpg	ewok
ewok337.jpg	ewok
ewok338.jpg	ewok
ewok339.jpg	ewok
ewok34.jpg	ewok
ewok340.jpg	ewok
ewok341.jpg	ewok
ewok342.jpg	ewok
ewok343.jpg	ewok
ewok344.jpg	ewok
ewok345.jpg	ewok
ewok346.jpg	ewok
ewok347.jpg	ewok
ewok348.jpg	ewok
ewok349.jpg	ewok
ewok35.jpg	ewok
ewok350.jpg	ewok
ewok351.jpg	ewok
ewok352.jpg	ewok
ewok353.jpg	ewok
ewok354.jpg	ewok
ewok355.jpg	ewok
ewok356.jpg	ewok
ewok357.jpg	ewok
ewok358.jpg	ewok
ewok359.jpg	ewok
ewok36.jpg	ewok
ewok360.jpg	ewok
ewok37.jpg	ewok
ewok38.jpg	ewok
ewok39.jpg	ewok
ewok4.jpg	ewok
ewok40.jpg	ewok
ewok41.jpg	ewok
ewok42.jpg	ewok
ewok43.jpg	ewok
ewok44.jpg	ewok
ewok45.jpg	ewok
ewok46.jpg	ewok
ewok47.jpg	ewok
ewok48.jpg	ewok
ewok49.jpg	ewok
ewok5.jpg	ewok
ewok50.jpg	ewok
ewok51.jpg	ewok
ewok52.jpg	ewok
ewok53.jpg	ewok
ewok54.jpg	ewok
ewok55.jpg	ewok
ewok56.jpg	ewok
ewok57.jpg	ewok
ewok58.jpg	ewok
ewok59.jpg	ewok
ewok6.jpg	ewok
ewok60.jpg	ewok
ewok61.jpg	ewok
ewok62.jpg	ewok
ewok63.jpg	ewok
ewok64.jpg	ewok
ewok65.jpg	ewok
ewok66.jpg	ewok
ewok67.jpg	ewok
ewok68.jpg	ewok
ewok69.jpg	ewok
ewok7.jpg	ewok
ewok70.jpg	ewok
ewok71.jpg	ewok
ewok72.jpg	ewok
ewok73.jpg	ewok
ewok74.jpg	ewok
ewok75.jpg	ewok
ewok76.jpg	ewok
ewok77.jpg	ewok
ewok78.jpg	ewok
ewok79.jpg	ewok
ewok8.jpg	ewok
ewok80.jpg	ewok
ewok81.jpg	ewok
ewok82.jpg	ewok
ewok83.jpg	ewok
ewok84.jpg	ewok
ewok85.jpg	ewok
ewok86.jpg	ewok
ewok87.jpg	ewok
ewok88.jpg	ewok
ewok89.jpg	ewok
ewok9.jpg	ewok
ewok90.jpg	ewok
ewok91.jpg	ewok
ewok92.jpg	ewok
ewok93.jpg	ewok
ewok94.jpg	ewok
ewok95.jpg	ewok
ewok96.jpg	ewok
ewok97.jpg	ewok
ewok98.jpg	ewok
ewok99.jpg	ewok