chewbacca0.jpg	chewbacca
chewbacca1.jpg	chewbacca
chewbacca10.jpg	chewbacca
chewbacca100.jpg	chewbacca
chewbacca101.jpg	chewbacca
chewbacca102.jpg	chewbacca
chewbacca103.jpg	chewbacca
chewbacca104.jpg	chewbacca
chewbacca105.jpg	chewbacca
chewbacca106.jpg	chewbacca
chewbacca107.jpg	chewbacca
chewbacca108.jpg	chewbacca
chewbacca109.jpg	chewbacca
chewbacca11.jpg	chewbacca
chewbacca110.jpg	chewbacca
chewbacca111.jpg	chewbacca
chewbacca112.jpg	chewbacca
chewbacca113.jpg	chewbacca
chewbacca114.jpg	chewbacca
chewbacca115.jpg	chewbacca
chewbacca116.jpg	chewbacca
chewbacca117.jpg	chewbacca
chewbacca118.jpg	chewbacca
chewbacca119.jpg	chewbacca
chewbacca12.jpg	chewbacca
chewbacca120.jpg	chewbacca
chewbacca121.jpg	chewbacca
chewbacca122.jpg	chewbacca
chewbacca123.jpg	chewbacca
chewbacca124.jpg	chewbacca
chewbacca125.jpg	chewbacca
chewbacca126.jpg	chewbacca
chewbacca127.jpg	chewbacca
chewbacca128.jpg	chewbacca
chewbacca129.jpg	chewbacca
chewbacca13.jpg	chewbacca
chewbacca130.jpg	chewbacca
chewbacca131.jpg	chewbacca
chewbacca132.jpg	chewbacca
chewbacca133.jpg	chewbacca
chewbacca134.jpg	chewbacca
chewbacca135.jpg	chewbacca
chewbacca136.jpg	chewbacca
chewbacca137.jpg	chewbacca
chewbacca138.jpg	chewbacca
chewbacca139.jpg	chewbacca
chewbacca14.jpg	chewbacca
chewbacca140.jpg	chewbacca
chewbacca141.jpg	chewbacca
chewbacca142.jpg	chewbacca
chewbacca143.jpg	chewbacca
chewbacca144.jpg	chewbacca
chewbacca145.jpg	chewbacca
chewbacca146.jpg	chewbacca
chewbacca147.jpg	chewbacca
chewbacca148.jpg	chewbacca
chewbacca149.jpg	chewbacca
chewbacca15.jpg	chewbacca
chewbacca150.jpg	chewbacca
chewbacca151.jpg	chewbacca
chewbacca152.jpg	chewbacca
chewbacca153.jpg	chewbacca
chewbacca154.jpg	chewbacca
chewbacca155.jpg	chewbacca
chewbacca156.jpg	chewbacca
chewbacca157.jpg	chewbacca
chewbacca158.jpg	chewbacca
chewbacca159.jpg	chewbacca
chewbacca16.jpg	chewbacca
chewbacca160.jpg	chewbacca
chewbacca161.jpg	chewbacca
chewbacca162.jpg	chewbacca
chewbacca163.jpg	chewbacca
chewbacca164.jpg	chewbacca
chewbacca165.jpg	chewbacca
chewbacca166.jpg	chewbacca
chewbacca167.jpg	chewbacca
chewbacca168.jpg	chewbacca
chewbacca169.jpg	chewbacca
chewbacca17.jpg	chewbacca
chewbacca170.jpg	chewbacca
chewbacca171.jpg	chewbacca
chewbacca172.jpg	chewbacca
chewbacca173.jpg	chewbacca
chewbacca174.jpg	chewbacca
chewbacca175.jpg	chewbacca
chewbacca176.jpg	chewbacca
chewbacca177.jpg	chewbacca
chewbacca178.jpg	chewbacca
chewbacca179.jpg	chewbacca
chewbacca18.jpg	chewbacca
chewbacca180.jpg	chewbacca
chewbacca181.jpg	chewbacca
chewbacca182.jpg	chewbacca
chewbacca183.jpg	chewbacca
chewbacca184.jpg	chewbacca
chewbacca185.jpg	chewbacca
chewbacca186.jpg	chewbacca
chewbacca187.jpg	chewbacca
chewbacca188.jpg	chewbacca
chewbacca189.jpg	chewbacca
chewbacca19.jpg	chewbacca
chewbacca190.jpg	chewbacca
chewbacca191.jpg	chewbacca
chewbacca192.jpg	chewbacca
chewbacca193.jpg	chewbacca
chewbacca194.jpg	chewbacca
chewbacca195.jpg	chewbacca
chewbacca196.jpg	chewbacca
chewbacca197.jpg	chewbacca
chewbacca198.jpg	chewbacca
chewbacca199.jpg	chewbacca
chewbacca2.jpg	chewbacca
chewbacca20.jpg	chewbacca
chewbacca200.jpg	chewbacca
chewbacca201.jpg	chewbacca
chewbacca202.jpg	chewbacca
chewbacca203.jpg	chewbacca
chewbacca204.jpg	chewbacca
chewbacca205.jpg	chewbacca
chewbacca206.jpg	chewbacca
chewbacca207.jpg	chewbacca
chewbacca208.jpg	chewbacca
chewbacca209.jpg	chewbacca
chewbacca21.jpg	chewbacca
chewbacca210.jpg	chewbacca
chewbacca211.jpg	chewbacca
chewbacca212.jpg	chewbacca
chewbacca213.jpg	chewbacca
chewbacca214.jpg	chewbacca
chewbacca215.jpg	chewbacca
chewbacca216.jpg	chewbacca
chewbacca217.jpg	chewbacca
chewbacca218.jpg	chewbacca
chewbacca219.jpg	chewbacca
chewbacca22.jpg	chewbacca
chewbacca220.jpg	chewbacca
chewbacca221.jpg	chewbacca
chewbacca222.jpg	chewbacca
chewbacca223.jpg	chewbacca
chewbacca224.jpg	chewbacca
chewbacca225.jpg	chewbacca
chewbacca226.jpg	chewbacca
chewbacca227.jpg	chewbacca
chewbacca228.jpg	chewbacca
chewbacca229.jpg	chewbacca
chewbacca23.jpg	chewbacca
chewbacca230.jpg	chewbacca
chewbacca231.jpg	chewbacca
chewbacca232.jpg	chewbacca
chewbacca233.jpg	chewbacca
chewbacca234.jpg	chewbacca
chewbacca235.jpg	chewbacca
chewbacca236.jpg	chewbacca
chewbacca237.jpg	chewbacca
chewbacca238.jpg	chewbacca
chewbacca239.jpg	chewbacca
chewbacca24.jpg	chewbacca
chewbacca240.jpg	chewbacca
chewbacca241.jpg	chewbacca
chewbacca242.jpg	chewbacca
chewbacca243.jpg	chewbacca
chewbacca244.jpg	chewbacca
chewbacca245.jpg	chewbacca
chewbacca246.jpg	chewbacca
chewbacca247.jpg	chewbacca
chewbacca248.jpg	chewbacca
chewbacca249.jpg	chewbacca
chewbacca25.jpg	chewbacca
chewbacca250.jpg	chewbacca
chewbacca251.jpg	chewbacca
chewbacca252.jpg	chewbacca
chewbacca253.jpg	chewbacca
chewbacca254.jpg	chewbacca
chewbacca255.jpg	chewbacca
chewbacca256.jpg	chewbacca
chewbacca257.jpg	chewbacca
chewbacca258.jpg	chewbacca
chewbacca259.jpg	chewbacca
chewbacca26.jpg	chewbacca
chewbacca260.jpg	chewbacca
chewbacca261.jpg	chewbacca
chewbacca262.jpg	chewbacca
chewbacca263.jpg	chewbacca
chewbacca264.jpg	chewbacca
chewbacca265.jpg	chewbacca
chewbacca266.jpg	chewbacca
chewbacca267.jpg	chewbacca
chewbacca268.jpg	chewbacca
chewbacca269.jpg	chewbacca
chewbacca27.jpg	chewbacca
chewbacca270.jpg	chewbacca
chewbacca271.jpg	chewbacca
chewbacca272.jpg	chewbacca
chewbacca273.jpg	chewbacca
chewbacca274.jpg	chewbacca
chewbacca275.jpg	chewbacca
chewbacca276.jpg	chewbacca
chewbacca277.jpg	chewbacca
chewbacca278.jpg	chewbacca
chewbacca279.jpg	chewbacca
chewbacca28.jpg	chewbacca
chewbacca280.jpg	chewbacca
chewbacca281.jpg	chewbacca
chewbacca282.jpg	chewbacca
chewbacca283.jpg	chewbacca
chewbacca284.jpg	chewbacca
chewbacca285.jpg	chewbacca
chewbacca286.jpg	chewbacca
chewbacca287.jpg	chewbacca
chewbacca288.jpg	chewbacca
chewbacca289.jpg	chewbacca
chewbacca29.jpg	chewbacca
chewbacca290.jpg	chewbacca
chewbacca291.jpg	chewbacca
chewbacca292.jpg	chewbacca
chewbacca293.jpg	chewbacca
chewbacca294.jpg	chewbacca
chewbacca295.jpg	chewbacca
chewbacca296.jpg	chewbacca
chewbacca297.jpg	chewbacca
chewbacca298.jpg	chewbacca
chewbacca299.jpg	chewbacca
chewbacca3.jpg	chewbacca
chewbacca30.jpg	chewbacca
chewbacca300.jpg	chewbacca
chewbacca301.jpg	chewbacca
chewbacca302.jpg	chewbacca
chewbacca303.jpg	chewbacca
chewbacca304.jpg	chewbacca
chewbacca305.jpg	chewbacca
chewbacca306.jpg	chewbacca
chewbacca307.jpg	chewbacca
chewbacca308.jpg	chewbacca
chewbacca309.jpg	chewbacca
chewbacca31.jpg	chewbacca
chewbacca310.jpg	chewbacca
chewbacca311.jpg	chewbacca
chewbacca312.jpg	chewbacca
chewbacca313.jpg	chewbacca
chewbacca314.jpg	chewbacca
chewbacca315.jpg	chewbacca
chewbacca316.jpg	chewbacca
chewbacca317.jpg	chewbacca
chewbacca318.jpg	chewbacca
chewbacca319.jpg	chewbacca
chewbacca32.jpg	chewbacca
chewbacca320.jpg	chewbacca
chewbacca321.jpg	chewbacca
chewbacca322.jpg	chewbacca
chewbacca323.jpg	chewbacca
chewbacca324.jpg	chewbacca
chewbacca325.jpg	chewbacca
chewbacca326.jpg	chewbacca
chewbacca327.jpg	chewbacca
chewbacca328.jpg	chewbacca
chewbacca329.jpg	chewbacca
chewbacca33.jpg	chewbacca
chewbacca330.jpg	chewbacca
chewbacca331.jpg	chewbacca
chewbacca332.jpg	chewbacca
chewbacca333.jpg	chewbacca
chewbacca334.jpg	chewbacca
chewbacca335.jpg	chewbacca
chewbacca336.jpg	chewbacca
chewbacca337.jpg	chewbacca
chewbacca338.jpg	chewbacca
chewbacca339.jpg	chewbacca
chewbacca34.jpg	chewbacca
chewbacca340.jpg	chewbacca
chewbacca341.jpg	chewbacca
chewbacca342.jpg	chewbacca
chewbacca343.jpg	chewbacca
chewbacca344.jpg	chewbacca
chewbacca345.jpg	chewbacca
chewbacca346.jpg	chewbacca
chewbacca347.jpg	chewbacca
chewbacca348.jpg	chewbacca
chewbacca349.jpg	chewbacca
chewbacca35.jpg	chewbacca
chewbacca350.jpg	chewbacca
chewbacca351.jpg	chewbacca
chewbacca352.jpg	chewbacca
chewbacca353.jpg	chewbacca
chewbacca354.jpg	chewbacca
chewbacca355.jpg	chewbacca
chewbacca356.jpg	chewbacca
chewbacca357.jpg	chewbacca
chewbacca358.jpg	chewbacca
chewbacca359.jpg	chewbacca
chewbacca36.jpg	chewbacca
chewbacca360.jpg	chewbacca
chewbacca361.jpg	chewbacca
chewbacca362.jpg	chewbacca
chewbacca363.jpg	chewbacca
chewbacca364.jpg	chewbacca
chewbacca365.jpg	chewbacca
chewbacca366.jpg	chewbacca
chewbacca367.jpg	chewbacca
chewbacca368.jpg	chewbacca
chewbacca369.jpg	chewbacca
chewbacca37.jpg	chewbacca
chewbacca370.jpg	chewbacca
chewbacca371.jpg	chewbacca
chewbacca372.jpg	chewbacca
chewbacca373.jpg	chewbacca
chewbacca374.jpg	chewbacca
chewbacca375.jpg	chewbacca
chewbacca376.jpg	chewbacca
chewbacca377.jpg	chewbacca
chewbacca378.jpg	chewbacca
chewbacca379.jpg	chewbacca
chewbacca38.jpg	chewbacca
chewbacca380.jpg	chewbacca
chewbacca381.jpg	chewbacca
chewbacca382.jpg	chewbacca
chewbacca383.jpg	chewbacca
chewbacca384.jpg	chewbacca
chewbacca385.jpg	chewbacca
chewbacca386.jpg	chewbacca
chewbacca387.jpg	chewbacca
chewbacca388.jpg	chewbacca
chewbacca389.jpg	chewbacca
chewbacca39.jpg	chewbacca
chewbacca390.jpg	chewbacca
chewbacca391.jpg	chewbacca
chewbacca392.jpg	chewbacca
chewbacca393.jpg	chewbacca
chewbacca394.jpg	chewbacca
chewbacca395.jpg	chewbacca
chewbacca396.jpg	chewbacca
chewbacca397.jpg	chewbacca
chewbacca398.jpg	chewbacca
chewbacca399.jpg	chewbacca
chewbacca4.jpg	chewbacca
chewbacca40.jpg	chewbacca
chewbacca400.jpg	chewbacca
chewbacca401.jpg	chewbacca
chewbacca402.jpg	chewbacca
chewbacca403.jpg	chewbacca
chewbacca404.jpg	chewbacca
chewbacca405.jpg	chewbacca
chewbacca406.jpg	chewbacca
chewbacca407.jpg	chewbacca
chewbacca408.jpg	chewbacca
chewbacca409.jpg	chewbacca
chewbacca41.jpg	chewbacca
chewbacca410.jpg	chewbacca
chewbacca411.jpg	chewbacca
chewbacca412.jpg	chewbacca
chewbacca413.jpg	chewbacca
chewbacca414.jpg	chewbacca
chewbacca415.jpg	chewbacca
chewbacca416.jpg	chewbacca
chewbacca417.jpg	chewbacca
chewbacca418.jpg	chewbacca
chewbacca419.jpg	chewbacca
chewbacca42.jpg	chewbacca
chewbacca420.jpg	chewbacca
chewbacca421.jpg	chewbacca
chewbacca422.jpg	chewbacca
chewbacca423.jpg	chewbacca
chewbacca424.jpg	chewbacca
chewbacca425.jpg	chewbacca
chewbacca426.jpg	chewbacca
chewbacca427.jpg	chewbacca
chewbacca428.jpg	chewbacca
chewbacca429.jpg	chewbacca
chewbacca43.jpg	chewbacca
chewbacca430.jpg	chewbacca
chewbacca431.jpg	chewbacca
chewbacca432.jpg	chewbacca
chewbacca433.jpg	chewbacca
chewbacca434.jpg	chewbacca
chewbacca435.jpg	chewbacca
chewbacca436.jpg	chewbacca
chewbacca437.jpg	chewbacca
chewbacca438.jpg	chewbacca
chewbacca439.jpg	chewbacca
chewbacca44.jpg	chewbacca
chewbacca440.jpg	chewbacca
chewbacca441.jpg	chewbacca
chewbacca442.jpg	chewbacca
chewbacca443.jpg	chewbacca
chewbacca444.jpg	chewbacca
chewbacca445.jpg	chewbacca
chewbacca446.jpg	chewbacca
chewbacca447.jpg	chewbacca
chewbacca448.jpg	chewbacca
chewbacca449.jpg	chewbacca
chewbacca45.jpg	chewbacca
chewbacca450.jpg	chewbacca
chewbacca451.jpg	chewbacca
chewbacca452.jpg	chewbacca
chewbacca453.jpg	chewbacca
chewbacca454.jpg	chewbacca
chewbacca455.jpg	chewbacca
chewbacca456.jpg	chewbacca
chewbacca457.jpg	chewbacca
chewbacca458.jpg	chewbacca
chewbacca459.jpg	chewbacca
chewbacca46.jpg	chewbacca
chewbacca460.jpg	chewbacca
chewbacca461.jpg	chewbacca
chewbacca462.jpg	chewbacca
chewbacca463.jpg	chewbacca
chewbacca464.jpg	chewbacca
chewbacca465.jpg	chewbacca
chewbacca466.jpg	chewbacca
chewbacca467.jpg	chewbacca
chewbacca468.jpg	chewbacca
chewbacca469.jpg	chewbacca
chewbacca47.jpg	chewbacca
chewbacca470.jpg	chewbacca
chewbacca471.jpg	chewbacca
chewbacca472.jpg	chewbacca
chewbacca473.jpg	chewbacca
chewbacca474.jpg	chewbacca
chewbacca475.jpg	chewbacca
chewbacca476.jpg	chewbacca
chewbacca477.jpg	chewbacca
chewbacca478.jpg	chewbacca
chewbacca479.jpg	chewbacca
chewbacca48.jpg	chewbacca
chewbacca480.jpg	chewbacca
chewbacca481.jpg	chewbacca
chewbacca482.jpg	chewbacca
chewbacca483.jpg	chewbacca
chewbacca484.jpg	chewbacca
chewbacca485.jpg	chewbacca
chewbacca486.jpg	chewbacca
chewbacca487.jpg	chewbacca
chewbacca488.jpg	chewbacca
chewbacca489.jpg	chewbacca
chewbacca49.jpg	chewbacca
chewbacca490.jpg	chewbacca
chewbacca491.jpg	chewbacca
chewbacca492.jpg	chewbacca
chewbacca493.jpg	chewbacca
chewbacca494.jpg	chewbacca
chewbacca495.jpg	chewbacca
chewbacca496.jpg	chewbacca
chewbacca497.jpg	chewbacca
chewbacca498.jpg	chewbacca
chewbacca499.jpg	chewbacca
chewbacca5.jpg	chewbacca
chewbacca50.jpg	chewbacca
chewbacca500.jpg	chewbacca
chewbacca501.jpg	chewbacca
chewbacca502.jpg	chewbacca
chewbacca503.jpg	chewbacca
chewbacca504.jpg	chewbacca
chewbacca505.jpg	chewbacca
chewbacca506.jpg	chewbacca
chewbacca507.jpg	chewbacca
chewbacca508.jpg	chewbacca
chewbacca509.jpg	chewbacca
chewbacca51.jpg	chewbacca
chewbacca510.jpg	chewbacca
chewbacca512.jpg	chewbacca
chewbacca513.jpg	chewbacca
chewbacca52.jpg	chewbacca
chewbacca53.jpg	chewbacca
chewbacca54.jpg	chewbacca
chewbacca55.jpg	chewbacca
chewbacca56.jpg	chewbacca
chewbacca57.jpg	chewbacca
chewbacca58.jpg	chewbacca
chewbacca59.jpg	chewbacca
chewbacca6.jpg	chewbacca
chewbacca60.jpg	chewbacca
chewbacca61.jpg	chewbacca
chewbacca62.jpg	chewbacca
chewbacca63.jpg	chewbacca
chewbacca64.jpg	chewbacca
chewbacca65.jpg	chewbacca
chewbacca66.jpg	chewbacca
chewbacca67.jpg	chewbacca
chewbacca68.jpg	chewbacca
chewbacca69.jpg	chewbacca
chewbacca7.jpg	chewbacca
chewbacca70.jpg	chewbacca
chewbacca71.jpg	chewbacca
chewbacca72.jpg	chewbacca
chewbacca73.jpg	chewbacca
chewbacca74.jpg	chewbacca
chewbacca75.jpg	chewbacca
chewbacca76.jpg	chewbacca
chewbacca77.jpg	chewbacca
chewbacca78.jpg	chewbacca
chewbacca79.jpg	chewbacca
chewbacca8.jpg	chewbacca
chewbacca80.jpg	chewbacca
chewbacca81.jpg	chewbacca
chewbacca82.jpg	chewbacca
chewbacca83.jpg	chewbacca
chewbacca84.jpg	chewbacca
chewbacca85.jpg	chewbacca
chewbacca86.jpg	chewbacca
chewbacca87.jpg	chewbacca
chewbacca88.jpg	chewbacca
chewbacca89.jpg	chewbacca
chewbacca9.jpg	chewbacca
chewbacca90.jpg	chewbacca
chewbacca91.jpg	chewbacca
chewbacca92.jpg	chewbacca
chewbacca93.jpg	chewbacca
chewbacca94.jpg	chewbacca
chewbacca95.jpg	chewbacca
chewbacca96.jpg	chewbacca
chewbacca97.jpg	chewbacca
chewbacca98.jpg	chewbacca
chewbacca99.jpg	chewbacca
ewok0.jpg	ewok
ewok1.jpg	ewok
ewok10.jpg	ewok
ewok100.jpg	ewok
ewok101.jpg	ewok
ewok102.jpg	ewok
ewok103.jpg	ewok
ewok104.jpg	ewok
ewok105.jpg	ewok
ewok106.jpg	ewok
ewok107.jpg	ewok
ewok108.jpg	ewok
ewok109.jpg	ewok
ewok11.jpg	ewok
ewok110.jpg	ewok
ewok111.jpg	ewok
ewok112.jpg	ewok
ewok113.jpg	ewok
ewok114.jpg	ewok
ewok115.jpg	ewok
ewok116.jpg	ewok
ewok117.jpg	ewok
ewok118.jpg	ewok
ewok119.jpg	ewok
ewok12.jpg	ewok
ewok120.jpg	ewok
ewok121.jpg	ewok
ewok122.jpg	ewok
ewok123.jpg	ewok
ewok124.jpg	ewok
ewok125.jpg	ewok
ewok126.jpg	ewok
ewok127.jpg	ewok
ewok128.jpg	ewok
ewok129.jpg	ewok
ewok13.jpg	ewok
ewok130.jpg	ewok
ewok131.jpg	ewok
ewok132.jpg	ewok
ewok133.jpg	ewok
ewok134.jpg	ewok
ewok135.jpg	ewok
ewok136.jpg	ewok
ewok137.jpg	ewok
ewok138.jpg	ewok
ewok139.jpg	ewok
ewok14.jpg	ewok
ewok140.jpg	ewok
ewok141.jpg	ewok
ewok142.jpg	ewok
ewok143.jpg	ewok
ewok144.jpg	ewok
ewok145.jpg	ewok
ewok146.jpg	ewok
ewok147.jpg	ewok
ewok148.jpg	ewok
ewok149.jpg	ewok
ewok15.jpg	ewok
ewok150.jpg	ewok
ewok151.jpg	ewok
ewok152.jpg	ewok
ewok153.jpg	ewok
ewok154.jpg	ewok
ewok155.jpg	ewok
ewok156.jpg	ewok
ewok157.jpg	ewok
ewok158.jpg	ewok
ewok159.jpg	ewok
ewok16.jpg	ewok
ewok160.jpg	ewok
ewok161.jpg	ewok
ewok162.jpg	ewok
ewok163.jpg	ewok
ewok164.jpg	ewok
ewok165.jpg	ewok
ewok166.jpg	ewok
ewok167.jpg	ewok
ewok168.jpg	ewok
ewok169.jpg	ewok
ewok17.jpg	ewok
ewok170.jpg	ewok
ewok171.jpg	ewok
ewok172.jpg	ewok
ewok173.jpg	ewok
ewok174.jpg	ewok
ewok175.jpg	ewok
ewok176.jpg	ewok
ewok177.jpg	ewok
ewok178.jpg	ewok
ewok179.jpg	ewok
ewok18.jpg	ewok
ewok180.jpg	ewok
ewok181.jpg	ewok
ewok182.jpg	ewok
ewok183.jpg	ewok
ewok184.jpg	ewok
ewok185.jpg	ewok
ewok186.jpg	ewok
ewok187.jpg	ewok
ewok188.jpg	ewok
ewok189.jpg	ewok
ewok19.jpg	ewok
ewok190.jpg	ewok
ewok191.jpg	ewok
ewok192.jpg	ewok
ewok193.jpg	ewok
ewok194.jpg	ewok
ewok195.jpg	ewok
ewok196.jpg	ewok
ewok197.jpg	ewok
ewok198.jpg	ewok
ewok199.jpg	ewok
ewok2.jpg	ewok
ewok20.jpg	ewok
ewok200.jpg	ewok
ewok201.jpg	ewok
ewok202.jpg	ewok
ewok203.jpg	ewok
ewok204.jpg	ewok
ewok205.jpg	ewok
ewok206.jpg	ewok
ewok207.jpg	ewok
ewok208.jpg	ewok
ewok209.jpg	ewok
ewok21.jpg	ewok
ewok210.jpg	ewok
ewok211.jpg	ewok
ewok212.jpg	ewok
ewok213.jpg	ewok
ewok214.jpg	ewok
ewok215.jpg	ewok
ewok216.jpg	ewok
ewok217.jpg	ewok
ewok218.jpg	ewok
ewok219.jpg	ewok
ewok22.jpg	ewok
ewok220.jpg	ewok
ewok221.jpg	ewok
ewok222.jpg	ewok
ewok223.jpg	ewok
ewok224.jpg	ewok
ewok225.jpg	ewok
ewok226.jpg	ewok
ewok227.jpg	ewok
ewok228.jpg	ewok
ewok229.jpg	ewok
ewok23.jpg	ewok
ewok230.jpg	ewok
ewok231.jpg	ewok
ewok232.jpg	ewok
ewok233.jpg	ewok
ewok234.jpg	ewok
ewok235.jpg	ewok
ewok236.jpg	ewok
ewok237.jpg	ewok
ewok238.jpg	ewok
ewok239.jpg	ewok
ewok24.jpg	ewok
ewok240.jpg	ewok
ewok241.jpg	ewok
ewok242.jpg	ewok
ewok243.jpg	ewok
ewok244.jpg	ewok
ewok245.jpg	ewok
ewok246.jpg	ewok
ewok247.jpg	ewok
ewok248.jpg	ewok
ewok249.jpg	ewok
ewok25.jpg	ewok
ewok250.jpg	ewok
ewok251.jpg	ewok
ewok252.jpg	ewok
ewok253.jpg	ewok
ewok254.jpg	ewok
ewok255.jpg	ewok
ewok256.jpg	ewok
ewok257.jpg	ewok
ewok258.jpg	ewok
ewok259.jpg	ewok
ewok26.jpg	ewok
ewok260.jpg	ewok
ewok261.jpg	ewok
ewok262.jpg	ewok
ewok263.jpg	ewok
ewok264.jpg	ewok
ewok265.jpg	ewok
ewok266.jpg	ewok
ewok267.jpg	ewok
ewok268.jpg	ewok
ewok269.jpg	ewok
ewok27.jpg	ewok
ewok270.jpg	ewok
ewok271.jpg	ewok
ewok272.jpg	ewok
ewok273.jpg	ewok
ewok274.jpg	ewok
ewok275.jpg	ewok
ewok276.jpg	ewok
ewok277.jpg	ewok
ewok278.jpg	ewok
ewok279.jpg	ewok
ewok28.jpg	ewok
ewok280.jpg	ewok
ewok281.jpg	ewok
ewok282.jpg	ewok
ewok283.jpg	ewok
ewok284.jpg	ewok
ewok285.jpg	ewok
ewok286.jpg	ewok
ewok287.jpg	ewok
ewok288.jpg	ewok
ewok289.jpg	ewok
ewok29.jpg	ewok
ewok290.jpg	ewok
ewok291.jpg	ewok
ewok292.jpg	ewok
ewok293.jpg	ewok
ewok294.jpg	ewok
ewok295.jpg	ewok
ewok296.jpg	ewok
ewok297.jpg	ewok
ewok298.jpg	ewok
ewok299.jpg	ewok
ewok3.jpg	ewok
ewok30.jpg	ewok
ewok300.jpg	ewok
ewok301.jpg	ewok
ewok302.jpg	ewok
ewok303.jpg	ewok
ewok304.jpg	ewok
ewok305.jpg	ewok
ewok306.jpg	ewok
ewok307.jpg	ewok
ewok308.jpg	ewok
ewok309.jpg	ewok
ewok31.jpg	ewok
ewok310.jpg	ewok
ewok311.jpg	ewok
ewok312.jpg	ewok
ewok313.jpg	ewok
ewok314.jpg	ewok
ewok315.jpg	ewok
ewok316.jpg	ewok
ewok317.jpg	ewok
ewok318.jpg	ewok
ewok319.jpg	ewok
ewok32.jpg	ewok
ewok320.jpg	ewok
ewok321.jpg	ewok
ewok322.jpg	ewok
ewok323.jpg	ewok
ewok324.jpg	ewok
ewok325.jpg	ewok
ewok326.jpg	ewok
ewok327.jpg	ewok
ewok328.jpg	ewok
ewok329.jpg	ewok
ewok33.jpg	ewok
ewok330.jpg	ewok
ewok331.jpg	ewok
ewok332.jpg	ewok
ewok333.jpg	ewok
ewok334.jpg	ewok
ewok335.jpg	ewok
ewok336.jpg	ewok
ewok337.jpg	ewok
ewok338.jpg	ewok
ewok339.jpg	ewok
ewok34.jpg	ewok
ewok340.jpg	ewok
ewok341.jpg	ewok
ewok342.jpg	ewok
ewok343.jpg	ewok
ewok344.jpg	ewok
ewok345.jpg	ewok
ewok346.jpg	ewok
ewok347.jpg	ewok
ewok348.jpg	ewok
ewok349.jpg	ewok
ewok35.jpg	ewok
ewok350.jpg	ewok
ewok351.jpg	ewok
ewok352.jpg	ewok
ewok353.jpg	ewok
ewok354.jpg	ewok
ewok355.jpg	ewok
ewok356.jpg	ewok
ewok357.jpg	ewok
ewok358.jpg	ewok
ewok359.jpg	ewok
ewok36.jpg	ewok
ewok360.jpg	ewok
ewok361.jpg	ewok
ewok362.jpg	ewok
ewok363.jpg	ewok
ewok364.jpg	ewok
ewok365.jpg	ewok
ewok366.jpg	ewok
ewok367.jpg	ewok
ewok368.jpg	ewok
ewok369.jpg	ewok
ewok37.jpg	ewok
ewok370.jpg	ewok
ewok371.jpg	ewok
ewok372.jpg	ewok
ewok373.jpg	ewok
ewok374.jpg	ewok
ewok375.jpg	ewok
ewok376.jpg	ewok
ewok377.jpg	ewok
ewok378.jpg	ewok
ewok379.jpg	ewok
ewok38.jpg	ewok
ewok380.jpg	ewok
ewok381.jpg	ewok
ewok382.jpg	ewok
ewok383.jpg	ewok
ewok384.jpg	ewok
ewok385.jpg	ewok
ewok386.jpg	ewok
ewok387.jpg	ewok
ewok388.jpg	ewok
ewok389.jpg	ewok
ewok39.jpg	ewok
ewok390.jpg	ewok
ewok391.jpg	ewok
ewok392.jpg	ewok
ewok393.jpg	ewok
ewok394.jpg	ewok
ewok395.jpg	ewok
ewok396.jpg	ewok
ewok397.jpg	ewok
ewok398.jpg	ewok
ewok399.jpg	ewok
ewok4.jpg	ewok
ewok40.jpg	ewok
ewok400.jpg	ewok
ewok401.jpg	ewok
ewok402.jpg	ewok
ewok403.jpg	ewok
ewok404.jpg	ewok
ewok405.jpg	ewok
ewok406.jpg	ewok
ewok407.jpg	ewok
ewok408.jpg	ewok
ewok409.jpg	ewok
ewok41.jpg	ewok
ewok410.jpg	ewok
ewok411.jpg	ewok
ewok412.jpg	ewok
ewok413.jpg	ewok
ewok414.jpg	ewok
ewok415.jpg	ewok
ewok416.jpg	ewok
ewok417.jpg	ewok
ewok418.jpg	ewok
ewok419.jpg	ewok
ewok42.jpg	ewok
ewok420.jpg	ewok
ewok421.jpg	ewok
ewok422.jpg	ewok
ewok423.jpg	ewok
ewok424.jpg	ewok
ewok425.jpg	ewok
ewok426.jpg	ewok
ewok427.jpg	ewok
ewok428.jpg	ewok
ewok429.jpg	ewok
ewok43.jpg	ewok
ewok430.jpg	ewok
ewok431.jpg	ewok
ewok432.jpg	ewok
ewok433.jpg	ewok
ewok434.jpg	ewok
ewok435.jpg	ewok
ewok436.jpg	ewok
ewok437.jpg	ewok
ewok438.jpg	ewok
ewok439.jpg	ewok
ewok44.jpg	ewok
ewok440.jpg	ewok
ewok441.jpg	ewok
ewok442.jpg	ewok
ewok443.jpg	ewok
ewok444.jpg	ewok
ewok445.jpg	ewok
ewok446.jpg	ewok
ewok447.jpg	ewok
ewok448.jpg	ewok
ewok449.jpg	ewok
ewok45.jpg	ewok
ewok450.jpg	ewok
ewok451.jpg	ewok
ewok452.jpg	ewok
ewok453.jpg	ewok
ewok454.jpg	ewok
ewok455.jpg	ewok
ewok456.jpg	ewok
ewok457.jpg	ewok
ewok458.jpg	ewok
ewok459.jpg	ewok
ewok46.jpg	ewok
ewok460.jpg	ewok
ewok461.jpg	ewok
ewok462.jpg	ewok
ewok463.jpg	ewok
ewok464.jpg	ewok
ewok465.jpg	ewok
ewok466.jpg	ewok
ewok467.jpg	ewok
ewok468.jpg	ewok
ewok469.jpg	ewok
ewok47.jpg	ewok
ewok470.jpg	ewok
ewok471.jpg	ewok
ewok472.jpg	ewok
ewok473.jpg	ewok
ewok474.jpg	ewok
ewok475.jpg	ewok
ewok476.jpg	ewok
ewok477.jpg	ewok
ewok478.jpg	ewok
ewok479.jpg	ewok
ewok48.jpg	ewok
ewok480.jpg	ewok
ewok481.jpg	ewok
ewok482.jpg	ewok
ewok483.jpg	ewok
ewok484.jpg	ewok
ewok485.jpg	ewok
ewok486.jpg	ewok
ewok487.jpg	ewok
ewok488.jpg	ewok
ewok489.jpg	ewok
ewok49.jpg	ewok
ewok490.jpg	ewok
ewok491.jpg	ewok
ewok492.jpg	ewok
ewok493.jpg	ewok
ewok494.jpg	ewok
ewok495.jpg	ewok
ewok496.jpg	ewok
ewok497.jpg	ewok
ewok498.jpg	ewok
ewok499.jpg	ewok
ewok5.jpg	ewok
ewok50.jpg	ewok
ewok500.jpg	ewok
ewok501.jpg	ewok
ewok502.jpg	ewok
ewok503.jpg	ewok
ewok504.jpg	ewok
ewok505.jpg	ewok
ewok506.jpg	ewok
ewok507.jpg	ewok
ewok508.jpg	ewok
ewok509.jpg	ewok
ewok51.jpg	ewok
ewok510.jpg	ewok
ewok511.jpg	ewok
ewok512.jpg	ewok
ewok513.jpg	ewok
ewok514.jpg	ewok
ewok515.jpg	ewok
ewok516.jpg	ewok
ewok517.jpg	ewok
ewok518.jpg	ewok
ewok519.jpg	ewok
ewok52.jpg	ewok
ewok520.jpg	ewok
ewok521.jpg	ewok
ewok522.jpg	ewok
ewok523.jpg	ewok
ewok524.jpg	ewok
ewok525.jpg	ewok
ewok526.jpg	ewok
ewok527.jpg	ewok
ewok528.jpg	ewok
ewok529.jpg	ewok
ewok53.jpg	ewok
ewok530.jpg	ewok
ewok531.jpg	ewok
ewok532.jpg	ewok
ewok533.jpg	ewok
ewok534.jpg	ewok
ewok535.jpg	ewok
ewok536.jpg	ewok
ewok537.jpg	ewok
ewok538.jpg	ewok
ewok539.jpg	ewok
ewok54.jpg	ewok
ewok540.jpg	ewok
ewok541.jpg	ewok
ewok542.jpg	ewok
ewok543.jpg	ewok
ewok544.jpg	ewok
ewok545.jpg	ewok
ewok55.jpg	ewok
ewok56.jpg	ewok
ewok57.jpg	ewok
ewok58.jpg	ewok
ewok59.jpg	ewok
ewok6.jpg	ewok
ewok60.jpg	ewok
ewok61.jpg	ewok
ewok62.jpg	ewok
ewok63.jpg	ewok
ewok64.jpg	ewok
ewok65.jpg	ewok
ewok66.jpg	ewok
ewok67.jpg	ewok
ewok68.jpg	ewok
ewok69.jpg	ewok
ewok7.jpg	ewok
ewok70.jpg	ewok
ewok71.jpg	ewok
ewok72.jpg	ewok
ewok73.jpg	ewok
ewok74.jpg	ewok
ewok75.jpg	ewok
ewok76.jpg	ewok
ewok77.jpg	ewok
ewok78.jpg	ewok
ewok79.jpg	ewok
ewok8.jpg	ewok
ewok80.jpg	ewok
ewok81.jpg	ewok
ewok82.jpg	ewok
ewok83.jpg	ewok
ewok84.jpg	ewok
ewok85.jpg	ewok
ewok86.jpg	ewok
ewok87.jpg	ewok
ewok88.jpg	ewok
ewok89.jpg	ewok
ewok9.jpg	ewok
ewok90.jpg	ewok
ewok91.jpg	ewok
ewok92.jpg	ewok
ewok93.jpg	ewok
ewok94.jpg	ewok
ewok95.jpg	ewok
ewok96.jpg	ewok
ewok97.jpg	ewok
ewok98.jpg	ewok
ewok99.jpg	ewok